{"cameraMode":{"drawMode":2,"name":"Shaded Wireframe","section":"Shading Mode"},"sceneLighting":true,"audioPlay":false,"sceneViewState":{"m_AlwaysRefresh":false,"showFog":true,"showSkybox":true,"showFlares":true,"showImageEffects":true,"showParticleSystems":true,"showVisualEffectGraphs":true,"m_FxEnabled":true},"in2DMode":false,"pivot":{"x":0.04880534112453461,"y":0.6258757710456848,"z":-0.04909998178482056},"rotation":{"x":-0.003958314191550016,"y":0.8980497717857361,"z":0.008082671090960503,"w":0.439802348613739},"size":0.3582831025123596,"orthographic":true}